{
    "application": {
        "smtp": 0.9949307247132719,
        "dns": 0.9055220048899756,
        "netbios": 0.9925447733006545,
        "http": 0.9918955759496492,
        "rdp": 0.7640611176700092,
        "icmp": 0.7840774470363763
    },
    "malware": {
        "ccleaner": 0.9729390690459356,
        "trickster": 0.9557457308528564,
        "magic": 0.9912041123342271,
        "coinminer": 0.9408046348344856,
        "sality": 0.9477689967953942,
        "trickbot": 0.9883265589372457,
        "svpeng": 0.9957855145786181
    },
    "misc": {
        "lrtcpdos": 0.9967602591792657,
        "spam": 0.9874980942216801,
        "sshpwd": 0.9925374401226831,
        "telnetpwd": 0.9973068043630338,
        "sidechannel": 0.8344189472230534,
        "crossfire": 0.9181518710303359
    },
    "amplification": {
        "cldap_amplification": 0.9887203609484496,
        "ssdp_amplification": 0.9840020408027157,
        "ntp_amplification": 0.9214112464112465,
        "chargen_amplification": 0.9560419222078244,
        "dns_amplification": 0.9114374230564506
    },
    "scan": {
        "dns_scan": 0.9944430047082274,
        "http_scan": 0.9866914817369197,
        "sql_scan": 0.9978637075362516,
        "ntp_scan": 0.9106905012267789,
        "icmp_scan": 0.9689441123779865,
        "ssh_scan": 0.9999770147392983
    },
    "dos": {
        "rst_dos": 1.0,
        "icmp_dos": 0.8127569099929128,
        "udp_dos": 0.9747637232335914,
        "syn_dos": 0.9918165501771853
    },
    "web": {
        "code_inject": 0.997542735042735,
        "xss": 0.9947800149142431,
        "webshell": 0.9998131766419592,
        "oracle": 0.9990757855822551
    }
}